achievement_game_url,achievement_url,achievement_name,achievement_desc,achievement_earned,achievement_score,ta_score,ta_ratio
https://www.trueachievements.com/game/Call-of-Duty-Modern-Warfare-II/achievements,https://www.trueachievements.com/a374295/time-for-pints-achievement,Time for Pints,Finish the Campaign on any difficulty.,09 Apr 23,(100),114,1.14
https://www.trueachievements.com/game/Rocket-League/achievements,https://www.trueachievements.com/a212775/clean-sheet-achievement,Clean Sheet,Win a game without giving up a single Goal,02 Nov 22,(15),16,1.09
https://www.trueachievements.com/game/Rocket-League/achievements,https://www.trueachievements.com/a212779/nice-hat-achievement,Nice Hat,"With a Topper equipped, score 3 Goals in a single game",02 Nov 22,(15),18,1.22
https://www.trueachievements.com/game/Rocket-League/achievements,https://www.trueachievements.com/a212785/pitch-veteran-achievement,Pitch Veteran,Play a total of 20 games across any game mode,02 Nov 22,(20),23,1.18
https://www.trueachievements.com/game/Call-of-Duty-Black-Ops-III/achievements,https://www.trueachievements.com/a200591/high-tide-achievement,High Tide,"Complete In Darkness on Hardened, Veteran, or Realistic.",19 Aug 22,(20),37,1.85
https://www.trueachievements.com/game/Call-of-Duty-Black-Ops-III/achievements,https://www.trueachievements.com/a200590/a-second-chance-achievement,A Second Chance,"Complete New World on Hardened, Veteran, or Realistic.",19 Aug 22,(20),33,1.69
https://www.trueachievements.com/game/Call-of-Duty-Black-Ops-III/achievements,https://www.trueachievements.com/a209596/sting-like-a-talon-achievement,Sting like a Talon,"In Campaign, kill 20 enemies while flying the same Talon.",14 Aug 22,(20),39,1.96
https://www.trueachievements.com/game/Call-of-Duty-Black-Ops-III/achievements,https://www.trueachievements.com/a209597/foe-to-friend-achievement,Foe To Friend,Use an enemy combat robot to kill 10 enemies.,14 Aug 22,(10),12,1.24
https://www.trueachievements.com/game/Call-of-Duty-Black-Ops-III/achievements,https://www.trueachievements.com/a209598/disavowed-achievement,Disavowed,"Complete Black Ops on Hardened, Veteran, or Realistic.",14 Aug 22,(20),31,1.55
https://www.trueachievements.com/game/Call-of-Duty-Black-Ops-III/achievements,https://www.trueachievements.com/a209605/decimator-achievement,Decimator,"In Campaign, kill 10 enemies in under 3 seconds.",14 Aug 22,(20),25,1.28
https://www.trueachievements.com/game/Call-of-Duty-Black-Ops-III/achievements,https://www.trueachievements.com/a209599/cant-hide-achievement,Can't Hide,"In Campaign, kill an enemy through a wall or obstruction.",14 Aug 22,(10),10,1.08
https://www.trueachievements.com/game/Cyberpunk-2077/achievements,https://www.trueachievements.com/a317458/the-world-achievement,The World,Complete the main storyline.,05 Jul 22,(90),145,1.61
https://www.trueachievements.com/game/Cyberpunk-2077/achievements,https://www.trueachievements.com/a317465/judy-vs-night-city-achievement,Judy vs Night City,Complete Judy Alvarez's storyline.,04 Jul 22,(15),25,1.72
https://www.trueachievements.com/game/Cyberpunk-2077/achievements,https://www.trueachievements.com/a317468/breathtaking-achievement,Breathtaking,Collect all items that once belonged to Johnny Silverhand.,30 Jun 22,(30),67,2.23
https://www.trueachievements.com/game/Cyberpunk-2077/achievements,https://www.trueachievements.com/a317463/to-protect-and-serve-achievement,To Protect and Serve,Complete River Ward's storyline.,05 Jun 22,(15),26,1.77
https://www.trueachievements.com/game/Cyberpunk-2077/achievements,https://www.trueachievements.com/a317457/the-high-priestess-achievement,The High Priestess,Talk with Hanako Arasaka.,24 May 22,(15),22,1.46
https://www.trueachievements.com/game/ARK-Survival-Evolved/achievements,https://www.trueachievements.com/a227554/your-first-day-achievement,Your first day...,You survived a full day and night on the ARK!,04 Apr 22,(20),20,1.04
https://www.trueachievements.com/game/ARK-Survival-Evolved/achievements,https://www.trueachievements.com/a227557/your-first-ride-achievement,Your first ride...,You Rode a Dinosaur!,04 Apr 22,(20),22,1.11
https://www.trueachievements.com/game/ARK-Survival-Evolved/achievements,https://www.trueachievements.com/a227556/your-first-dino-achievement,Your first dino...,You tamed a Dinosaur!,04 Apr 22,(20),22,1.12
https://www.trueachievements.com/game/Call-of-Duty-Vanguard/achievements,https://www.trueachievements.com/a345221/the-tip-of-the-spear-achievement,The Tip Of The Spear,Beat Call of Duty: Vanguard's Campaign on Veteran difficulty,22 Feb 22,(100),354,3.54
https://www.trueachievements.com/game/Call-of-Duty-Vanguard/achievements,https://www.trueachievements.com/a345226/shell-be-right-mate-achievement,She'll Be Right Mate,"In the battle of El Alamein, get twice as many kills as Des during the final defend",20 Feb 22,(15),30,2.0
https://www.trueachievements.com/game/Call-of-Duty-Vanguard/achievements,https://www.trueachievements.com/a345237/not-your-fairy-godmother-achievement,Not Your Fairy Godmother,"In Campaign, throw back 15 grenades that would have killed or damaged your allies",20 Feb 22,(30),95,3.17
https://www.trueachievements.com/game/Call-of-Duty-Vanguard/achievements,https://www.trueachievements.com/a345227/pied-piper-achievement,Pied Piper,"In The Rats of Tobruk, lead the Rats through the desert without getting detected",20 Feb 22,(15),38,2.54
https://www.trueachievements.com/game/Call-of-Duty-Vanguard/achievements,https://www.trueachievements.com/a345229/bird-of-prey-achievement,Bird Of Prey,"In Lady Nightingale, kill 5 snipers across the open field without getting hit by them",20 Feb 22,(15),37,2.49
https://www.trueachievements.com/game/Call-of-Duty-Vanguard/achievements,https://www.trueachievements.com/a345217/oh-yeah-achievement,OH YEAH!,"In Campaign, Tactical Sprint through 5 Destructible walls",20 Feb 22,(15),51,3.42
https://www.trueachievements.com/game/Call-of-Duty-Vanguard/achievements,https://www.trueachievements.com/a345250/bling-pro-20-achievement,Bling Pro 2.0,Reach max level with a weapon (base game weapons only),12 Feb 22,(30),40,1.35
https://www.trueachievements.com/game/Call-of-Duty-Vanguard/achievements,https://www.trueachievements.com/a345233/pop-goes-the-nightingale-achievement,Pop Goes The Nightingale,"As Polina, kill 15 enemies immediately after emerging from a crawlspace",04 Feb 22,(15),31,2.09
https://www.trueachievements.com/game/Call-of-Duty-Vanguard/achievements,https://www.trueachievements.com/a345249/top-of-the-mountain-achievement,Top Of The Mountain,Reach max level with an operator in Multiplayer (base game operators only),31 Jan 22,(35),49,1.4
https://www.trueachievements.com/game/Call-of-Duty-Vanguard/achievements,https://www.trueachievements.com/a345234/actions-speak-louder-than-words-achievement,Actions Speak Louder Than Words,"In Operation Tonga, protect Evans with quick reflexes",10 Jan 22,(15),30,2.01
https://www.trueachievements.com/game/Call-of-Duty-Vanguard/achievements,https://www.trueachievements.com/a345240/beware-of-trains-achievement,Beware Of Trains,"In Phoenix, shoot a truck driver with a vehicle full of soldiers",10 Jan 22,(15),33,2.25
https://www.trueachievements.com/game/Call-of-Duty-Vanguard/achievements,https://www.trueachievements.com/a345248/leet-skills-achievement,Leet Skills,Reach level 55 in Multiplayer,27 Dec 21,(100),126,1.26
https://www.trueachievements.com/game/Call-of-Duty-Vanguard/achievements,https://www.trueachievements.com/a345220/couldnt-have-done-it-without-you-achievement,Couldn't Have Done It Without You,Watch the credits to completion,27 Dec 21,(30),58,1.96
https://www.trueachievements.com/game/Call-of-Duty-Vanguard/achievements,https://www.trueachievements.com/a345222/phoenix-extinguished-achievement,Phoenix Extinguished,Beat Call of Duty: Vanguard's Campaign on any difficulty,27 Dec 21,(50),87,1.74
https://www.trueachievements.com/game/Call-of-Duty-Vanguard/achievements,https://www.trueachievements.com/a345223/order-in-chaos-achievement,Order In Chaos,"In The Fourth Reich, go through the level without any instances of friendly fire",27 Dec 21,(15),28,1.88
https://www.trueachievements.com/game/Call-of-Duty-Vanguard/achievements,https://www.trueachievements.com/a345231/heightened-senses-achievement,Heightened Senses,"As Wade, kill 15 enemies using his focus ability",27 Dec 21,(15),25,1.69
https://www.trueachievements.com/game/Call-of-Duty-Vanguard/achievements,https://www.trueachievements.com/a345225/allies-together-strong-achievement,"Allies Together, Strong","In The Fourth Reich, use Leadership to help takedown a Jäger Mörder",27 Dec 21,(15),26,1.74
https://www.trueachievements.com/game/Call-of-Duty-Vanguard/achievements,https://www.trueachievements.com/a345235/shot-caller-achievement,Shot Caller,"As Arthur, give 15 different commands to your allies",27 Dec 21,(15),25,1.67
https://www.trueachievements.com/game/Call-of-Duty-Vanguard/achievements,https://www.trueachievements.com/a345219/leaving-an-impression-achievement,Leaving An Impression,"In the battle of El Alamein, get run over by a tank",27 Dec 21,(15),35,2.36
https://www.trueachievements.com/game/Call-of-Duty-Vanguard/achievements,https://www.trueachievements.com/a345238/pocket-full-of-fun-achievement,Pocket Full Of Fun,"As Lucas, use 4 types of lethal equipment, getting 3 kills with each",27 Dec 21,(15),39,2.66
https://www.trueachievements.com/game/Call-of-Duty-Vanguard/achievements,https://www.trueachievements.com/a345228/munition-magpie-achievement,Munition Magpie,"In Campaign, scavenge ammo from 15 enemy corpses within 3 seconds of killing them",27 Dec 21,(15),24,1.62
https://www.trueachievements.com/game/Call-of-Duty-Vanguard/achievements,https://www.trueachievements.com/a345230/gotta-try-them-all-achievement,Gotta Try Them All!,"In Campaign, kill enemies with 15 different weapons throughout the game",20 Dec 21,(15),23,1.56
https://www.trueachievements.com/game/Call-of-Duty-Vanguard/achievements,https://www.trueachievements.com/a345243/rain-of-fire-achievement,Rain Of Fire,"In Stalingrad, hit a halftrack with a Molotov Cocktail",20 Dec 21,(15),39,2.61
https://www.trueachievements.com/game/Call-of-Duty-Vanguard/achievements,https://www.trueachievements.com/a345224/f-achievement,F,"In Campaign, die by your own grenade’s explosion",19 Dec 21,(35),64,1.85
https://www.trueachievements.com/game/Call-of-Duty-Vanguard/achievements,https://www.trueachievements.com/a345251/hello-there-achievement,Hello there,Join a clan in Multiplayer,19 Dec 21,(15),17,1.14
https://www.trueachievements.com/game/Cyberpunk-2077/achievements,https://www.trueachievements.com/a317466/life-of-the-road-achievement,Life of the Road,Complete Panam Palmer's storyline.,28 Nov 21,(15),22,1.51
https://www.trueachievements.com/game/Cyberpunk-2077/achievements,https://www.trueachievements.com/a317470/i-am-the-law-achievement,I Am The Law,Complete all Cyberpsycho Sightings.,27 Nov 21,(20),41,2.05
https://www.trueachievements.com/game/Cyberpunk-2077/achievements,https://www.trueachievements.com/a317471/greetings-from-pacifica-achievement,Greetings from Pacifica!,Complete all gigs and NCPD Scanner Hustles in Pacifica.,25 Nov 21,(30),85,2.84
https://www.trueachievements.com/game/Cyberpunk-2077/achievements,https://www.trueachievements.com/a317475/the-jungle-achievement,The Jungle,Complete all gigs and NCPD Scanner Hustles in Santo Domingo.,17 Nov 21,(30),86,2.87
https://www.trueachievements.com/game/Cyberpunk-2077/achievements,https://www.trueachievements.com/a317474/mean-streets-achievement,Mean Streets,Complete all gigs and NCPD Scanner Hustles in Heywood.,17 Nov 21,(30),85,2.86
https://www.trueachievements.com/game/Cyberpunk-2077/achievements,https://www.trueachievements.com/a317476/city-lights-achievement,City Lights,Complete all gigs and NCPD Scanner Hustles in City Center.,12 Nov 21,(30),84,2.81
https://www.trueachievements.com/game/Cyberpunk-2077/achievements,https://www.trueachievements.com/a317486/master-crafter-achievement,Master Crafter,Craft 3 Legendary items.,10 Nov 21,(15),34,2.29
https://www.trueachievements.com/game/Cyberpunk-2077/achievements,https://www.trueachievements.com/a317493/the-wandering-fool-achievement,The Wandering Fool,Find all the tarot graffiti for the job Fool on the Hill.,03 Nov 21,(30),57,1.92
https://www.trueachievements.com/game/Cyberpunk-2077/achievements,https://www.trueachievements.com/a317455/the-hermit-achievement,The Hermit,Find Alt Cunningham.,03 Nov 21,(15),20,1.39
https://www.trueachievements.com/game/Cyberpunk-2077/achievements,https://www.trueachievements.com/a317456/the-wheel-of-fortune-achievement,The Wheel of Fortune,Interrogate Anders Hellman.,21 Oct 21,(15),20,1.33
https://www.trueachievements.com/game/Cyberpunk-2077/achievements,https://www.trueachievements.com/a317484/stanislavskis-method-achievement,Stanislavski's Method,Use a dialogue option related to V's life path 10 times.,14 Oct 21,(15),19,1.32
https://www.trueachievements.com/game/Cyberpunk-2077/achievements,https://www.trueachievements.com/a317482/two-heads-one-bullet-achievement,"Two Heads, One Bullet",Kill or incapacitate 2 enemies with the same sniper rifle shot.,11 Oct 21,(15),29,1.99
https://www.trueachievements.com/game/Cyberpunk-2077/achievements,https://www.trueachievements.com/a317495/legend-of-the-afterlife-achievement,Legend of The Afterlife,Reach max Street Cred.,10 Oct 21,(30),48,1.62
https://www.trueachievements.com/game/Cyberpunk-2077/achievements,https://www.trueachievements.com/a317492/true-warrior-achievement,True Warrior,Kill or incapacitate 100 enemies using melee weapons.,03 Oct 21,(30),54,1.8
https://www.trueachievements.com/game/Cyberpunk-2077/achievements,https://www.trueachievements.com/a317477/full-body-conversion-achievement,Full Body Conversion,Install at least one implant in each system and body part.,03 Oct 21,(15),25,1.72
https://www.trueachievements.com/game/Cyberpunk-2077/achievements,https://www.trueachievements.com/a317491/true-soldier-achievement,True Soldier,Kill or incapacitate 300 enemies using ranged weapons.,30 Sep 21,(30),45,1.51
https://www.trueachievements.com/game/Cyberpunk-2077/achievements,https://www.trueachievements.com/a317454/the-lovers-achievement,The Lovers,Steal the Relic.,29 Sep 21,(15),17,1.16
https://www.trueachievements.com/game/Rocket-League/achievements,https://www.trueachievements.com/a223467/infinite-power-achievement,Infinite Power!,Activate every power-up in Rocket League® Rumble,20 May 21,(25),36,1.45
https://www.trueachievements.com/game/Diablo-III-Reaper-of-Souls-Ultimate-Evil-Edition/achievements,https://www.trueachievements.com/a188745/customfit-achievement,Custom-Fit,Craft 100 items.,10 May 21,(25),37,1.51
https://www.trueachievements.com/game/Cyberpunk-2077/achievements,https://www.trueachievements.com/a317452/right-back-at-ya-achievement,Right Back At Ya,Kill or incapacitate an enemy who threw a grenade at you.,09 May 21,(15),18,1.2
https://www.trueachievements.com/game/Diablo-III-Reaper-of-Souls-Ultimate-Evil-Edition/achievements,https://www.trueachievements.com/a188719/a-new-start-achievement,A New Start,Complete 5 Bounties.,01 May 21,(20),26,1.31
https://www.trueachievements.com/game/Diablo-III-Reaper-of-Souls-Ultimate-Evil-Edition/achievements,https://www.trueachievements.com/a188721/just-riffing-achievement,Just Riffing,Kill 500 Monsters while in Nephalem Rifts.,27 Apr 21,(25),33,1.32
https://www.trueachievements.com/game/Diablo-III-Reaper-of-Souls-Ultimate-Evil-Edition/achievements,https://www.trueachievements.com/a188735/dont-fear-the-reaper-achievement,Don't Fear the Reaper,Complete all quests in Act V.,27 Apr 21,(20),26,1.34
https://www.trueachievements.com/game/Diablo-III-Reaper-of-Souls-Ultimate-Evil-Edition/achievements,https://www.trueachievements.com/a236003/bringer-of-order-achievement,Bringer of Order,Complete Act V with a Necromancer.,27 Apr 21,(20),38,1.92
https://www.trueachievements.com/game/Diablo-III-Reaper-of-Souls-Ultimate-Evil-Edition/achievements,https://www.trueachievements.com/a188734/death-do-us-part-achievement,Death Do Us Part,Kill Malthael.,27 Apr 21,(25),32,1.28
https://www.trueachievements.com/game/Diablo-III-Reaper-of-Souls-Ultimate-Evil-Edition/achievements,https://www.trueachievements.com/a236001/the-silence-when-you-speak-to-me-achievement,The Silence When You Speak to Me,Listen to all of Master Ordan's conversations in the Pandemonium Fortress.,27 Apr 21,(20),51,2.55
https://www.trueachievements.com/game/Diablo-III-Reaper-of-Souls-Ultimate-Evil-Edition/achievements,https://www.trueachievements.com/a188733/her-achievement,Her?,Kill Adria.,24 Apr 21,(25),32,1.28
https://www.trueachievements.com/game/Diablo-III-Reaper-of-Souls-Ultimate-Evil-Edition/achievements,https://www.trueachievements.com/a188739/above--beyond-achievement,Above & Beyond,Reach level 70.,24 Apr 21,(25),33,1.34
https://www.trueachievements.com/game/Diablo-III-Reaper-of-Souls-Ultimate-Evil-Edition/achievements,https://www.trueachievements.com/a236002/serve-the-balance-achievement,Serve the Balance,Reach level 70 with a Necromancer.,24 Apr 21,(20),31,1.58
https://www.trueachievements.com/game/Diablo-III-Reaper-of-Souls-Ultimate-Evil-Edition/achievements,https://www.trueachievements.com/a188732/fire-in-your-new-boots-achievement,Fire in Your New Boots,Kill Urzael.,23 Apr 21,(25),31,1.27
https://www.trueachievements.com/game/Diablo-III-Reaper-of-Souls-Ultimate-Evil-Edition/achievements,https://www.trueachievements.com/a236006/curse-your-enthusiasm-achievement,Curse Your Enthusiasm,"Kill 5,000 cursed enemies.",21 Apr 21,(20),43,2.17
https://www.trueachievements.com/game/Diablo-III-Reaper-of-Souls-Ultimate-Evil-Edition/achievements,https://www.trueachievements.com/a188731/victory-and-sacrifice-achievement,Victory and Sacrifice,Complete all quests in Act IV.,21 Apr 21,(20),25,1.29
https://www.trueachievements.com/game/Diablo-III-Reaper-of-Souls-Ultimate-Evil-Edition/achievements,https://www.trueachievements.com/a188730/the-prime-evil-achievement,The Prime Evil,Kill Diablo.,21 Apr 21,(25),31,1.24
https://www.trueachievements.com/game/Diablo-III-Reaper-of-Souls-Ultimate-Evil-Edition/achievements,https://www.trueachievements.com/a188729/the-wages-of-sin-achievement,The Wages of Sin,Complete all quests in Act III.,21 Apr 21,(20),25,1.28
https://www.trueachievements.com/game/Diablo-III-Reaper-of-Souls-Ultimate-Evil-Edition/achievements,https://www.trueachievements.com/a188747/gemkata-achievement,Gemkata,Raise the Jeweler to level 12.,21 Apr 21,(20),26,1.34
https://www.trueachievements.com/game/Diablo-III-Reaper-of-Souls-Ultimate-Evil-Edition/achievements,https://www.trueachievements.com/a188728/the-lord-of-sin-achievement,The Lord of Sin,Kill Azmodan.,21 Apr 21,(25),31,1.24
https://www.trueachievements.com/game/Diablo-III-Reaper-of-Souls-Ultimate-Evil-Edition/achievements,https://www.trueachievements.com/a188741/the-elitist-achievement,The Elitist,"Kill 500 elite (champion, rare, or unique) enemies.",21 Apr 21,(25),31,1.25
https://www.trueachievements.com/game/Diablo-III-Reaper-of-Souls-Ultimate-Evil-Edition/achievements,https://www.trueachievements.com/a188746/forged-credentials-achievement,Forged Credentials,Raise the Blacksmith to level 12.,21 Apr 21,(20),26,1.33
https://www.trueachievements.com/game/Diablo-III-Reaper-of-Souls-Ultimate-Evil-Edition/achievements,https://www.trueachievements.com/a188727/making-a-breakthrough-achievement,Making a Breakthrough,Kill the Siegebreaker Assault Beast.,21 Apr 21,(20),24,1.23
https://www.trueachievements.com/game/Diablo-III-Reaper-of-Souls-Ultimate-Evil-Edition/achievements,https://www.trueachievements.com/a188726/the-ravening-beast-achievement,The Ravening Beast,Kill Ghom.,15 Apr 21,(20),24,1.22
https://www.trueachievements.com/game/Diablo-III-Reaper-of-Souls-Ultimate-Evil-Edition/achievements,https://www.trueachievements.com/a188716/deep-pockets-achievement,Deep Pockets,"Pick up 500,000 gold.",15 Apr 21,(20),25,1.26
https://www.trueachievements.com/game/Diablo-III-Reaper-of-Souls-Ultimate-Evil-Edition/achievements,https://www.trueachievements.com/a188725/the-black-soulstone-achievement,The Black Soulstone,Complete all quests in Act II.,15 Apr 21,(20),25,1.25
https://www.trueachievements.com/game/Diablo-III-Reaper-of-Souls-Ultimate-Evil-Edition/achievements,https://www.trueachievements.com/a188724/the-lord-of-lies-achievement,The Lord of Lies,Kill Belial.,15 Apr 21,(25),30,1.2
https://www.trueachievements.com/game/Diablo-III-Reaper-of-Souls-Ultimate-Evil-Edition/achievements,https://www.trueachievements.com/a188723/murderer-torturer-monster-achievement,Murderer. Torturer. Monster.,Kill Zoltun Kulle.,15 Apr 21,(20),24,1.2
https://www.trueachievements.com/game/Diablo-III-Reaper-of-Souls-Ultimate-Evil-Edition/achievements,https://www.trueachievements.com/a188749/maximum-myriam-achievement,Maximum Myriam,Raise the Mystic to level 12.,14 Apr 21,(20),24,1.2
https://www.trueachievements.com/game/Diablo-III-Reaper-of-Souls-Ultimate-Evil-Edition/achievements,https://www.trueachievements.com/a188748/bejeweled-achievement,Bejeweled,Combine gems.,14 Apr 21,(20),24,1.24
https://www.trueachievements.com/game/Diablo-III-Reaper-of-Souls-Ultimate-Evil-Edition/achievements,https://www.trueachievements.com/a188710/the-coven-overthrown-achievement,The Coven Overthrown,Kill Maghda.,13 Apr 21,(20),23,1.15
https://www.trueachievements.com/game/Diablo-III-Reaper-of-Souls-Ultimate-Evil-Edition/achievements,https://www.trueachievements.com/a236005/what-is-dead-can-sometimes-die-achievement,What Is Dead Can Sometimes Die,"Kill 1,000 Undead enemies with corpses.",13 Apr 21,(20),31,1.59
https://www.trueachievements.com/game/Diablo-III-Reaper-of-Souls-Ultimate-Evil-Edition/achievements,https://www.trueachievements.com/a188717/the-comfort-of-strangers-achievement,The Comfort of Strangers,"Recruit the Templar, Scoundrel, and Enchantress.",13 Apr 21,(20),26,1.3
https://www.trueachievements.com/game/Diablo-III-Reaper-of-Souls-Ultimate-Evil-Edition/achievements,https://www.trueachievements.com/a188711/the-last-of-the-horadrim-achievement,The Last of the Horadrim,Complete all quests in Act I.,12 Apr 21,(20),23,1.15
https://www.trueachievements.com/game/Diablo-III-Reaper-of-Souls-Ultimate-Evil-Edition/achievements,https://www.trueachievements.com/a188744/made-to-order-achievement,Made to Order,Craft 5 items.,12 Apr 21,(20),23,1.18
https://www.trueachievements.com/game/Diablo-III-Reaper-of-Souls-Ultimate-Evil-Edition/achievements,https://www.trueachievements.com/a188712/butchered-achievement,Butchered!,Kill the Butcher.,12 Apr 21,(25),27,1.11
https://www.trueachievements.com/game/Diablo-III-Reaper-of-Souls-Ultimate-Evil-Edition/achievements,https://www.trueachievements.com/a188751/tradein-achievement,Trade-in,Replace a property with Enchanting.,11 Apr 21,(20),24,1.24
https://www.trueachievements.com/game/Diablo-III-Reaper-of-Souls-Ultimate-Evil-Edition/achievements,https://www.trueachievements.com/a188713/socket-to-me-achievement,Socket to Me,Socket a gem in an item.,11 Apr 21,(20),22,1.13
https://www.trueachievements.com/game/Diablo-III-Reaper-of-Souls-Ultimate-Evil-Edition/achievements,https://www.trueachievements.com/a188715/the-mad-kings-end-achievement,The Mad King's End,Kill the Skeleton King.,11 Apr 21,(20),21,1.05
https://www.trueachievements.com/game/Diablo-III-Reaper-of-Souls-Ultimate-Evil-Edition/achievements,https://www.trueachievements.com/a188714/breaking-not-so-bad-achievement,Breaking Not So Bad,Use a merchant to repair an item.,11 Apr 21,(15),15,1.06
https://www.trueachievements.com/game/Diablo-III-Reaper-of-Souls-Ultimate-Evil-Edition/achievements,https://www.trueachievements.com/a188752/a-mystical-meeting-achievement,A Mystical Meeting,Acquire the Mystic.,10 Apr 21,(20),20,1.02
https://www.trueachievements.com/game/Deliver-Us-The-Moon/achievements,https://www.trueachievements.com/a297659/delivered-us-the-moon-achievement,Delivered Us The Moon,"Stirred a sleeping giant, saved the world and reunited with an old friend",07 Apr 21,(90),165,1.83
https://www.trueachievements.com/game/Rocket-League/achievements,https://www.trueachievements.com/a212782/traveler-achievement,Traveler,Play in every Rocket League® stadium,06 Apr 21,(15),17,1.17
https://www.trueachievements.com/game/Deliver-Us-The-Moon/achievements,https://www.trueachievements.com/a297644/environmental-analysis-part-iii-achievement,Environmental Analysis Part III,Completed seven astrotool dossier profiles,05 Apr 21,(30),71,2.38
https://www.trueachievements.com/game/Deliver-Us-The-Moon/achievements,https://www.trueachievements.com/a297641/lent-them-your-ears-achievement,Lent Them Your Ears,Collected all audiologs,05 Apr 21,(30),54,1.8
https://www.trueachievements.com/game/Deliver-Us-The-Moon/achievements,https://www.trueachievements.com/a297645/cosmic-marveller-achievement,Cosmic Marveller,Have read all entries of the Moonman comic series,05 Apr 21,(30),76,2.55
https://www.trueachievements.com/game/Deliver-Us-The-Moon/achievements,https://www.trueachievements.com/a297635/once-upon-a-time-in-the-void-achievement,Once Upon A Time In The Void,Checked all links in the MPT network and started the journey to Tombaugh,05 Apr 21,(90),155,1.72
https://www.trueachievements.com/game/Deliver-Us-The-Moon/achievements,https://www.trueachievements.com/a297634/a-light-in-the-dark-achievement,A Light In The Dark,Restored local MPT power to a base long abandoned,05 Apr 21,(15),25,1.72
https://www.trueachievements.com/game/Deliver-Us-The-Moon/achievements,https://www.trueachievements.com/a297643/environmental-analysis-part-ii-achievement,Environmental Analysis Part II,Completed three astrotool dossier profiles,05 Apr 21,(15),26,1.75
https://www.trueachievements.com/game/Deliver-Us-The-Moon/achievements,https://www.trueachievements.com/a297633/clearing-the-way-achievement,Clearing The Way,Ensured safe passage to the source of the MPT,05 Apr 21,(30),50,1.68
https://www.trueachievements.com/game/Deliver-Us-The-Moon/achievements,https://www.trueachievements.com/a297632/remember-me-achievement,Remember Me,Made your way through Copernicus Moonhub's lingering echoes,05 Apr 21,(30),49,1.65
https://www.trueachievements.com/game/Deliver-Us-The-Moon/achievements,https://www.trueachievements.com/a297631/twin-flames-achievement,Twin Flames,Realigned the MPT towers to return local power to Moonhub,05 Apr 21,(15),24,1.63
https://www.trueachievements.com/game/TrueAchievements/achievements,https://www.trueachievements.com/a193726/the-first-rule-of-trueachievements,The First Rule of TrueAchievements...,...is talk about TrueAchievements,05 Apr 21,(0),0,1.04
https://www.trueachievements.com/game/Deliver-Us-The-Moon/achievements,https://www.trueachievements.com/a297630/the-mechanic-achievement,The Mechanic,Found yourself a friend,05 Apr 21,(10),15,1.54
https://www.trueachievements.com/game/Deliver-Us-The-Moon/achievements,https://www.trueachievements.com/a297638/the-witness-achievement,The Witness,Witnessed a hologram,05 Apr 21,(15),22,1.51
https://www.trueachievements.com/game/Deliver-Us-The-Moon/achievements,https://www.trueachievements.com/a297629/a-light-at-the-end-of-the-tunnel-achievement,A Light At The End Of The Tunnel,Checked up on the MPT before escaping from a collapsing titan,05 Apr 21,(15),22,1.47
https://www.trueachievements.com/game/Deliver-Us-The-Moon/achievements,https://www.trueachievements.com/a297651/moonbear-achievement,Moonbear,If only Kathy could have seen this,10 Dec 20,(30),72,2.42
https://www.trueachievements.com/game/Deliver-Us-The-Moon/achievements,https://www.trueachievements.com/a297647/gasping-for-air-achievement,Gasping For Air,Found oxygen when death seemed certain,10 Dec 20,(15),30,2.05
https://www.trueachievements.com/game/Deliver-Us-The-Moon/achievements,https://www.trueachievements.com/a297628/fly-me-to-the-moon-achievement,Fly Me To The Moon,Bade farewell to our home planet,10 Dec 20,(10),11,1.1
https://www.trueachievements.com/game/Deliver-Us-The-Moon/achievements,https://www.trueachievements.com/a297640/learning-to-listen-achievement,Learning To Listen,Collected an audiolog,10 Dec 20,(5),5,1.05
https://www.trueachievements.com/game/Deliver-Us-The-Moon/achievements,https://www.trueachievements.com/a297642/environmental-analysis-part-i-achievement,Environmental Analysis Part I,Completed an astrotool dossier profile,10 Dec 20,(15),18,1.22
https://www.trueachievements.com/game/Deliver-Us-The-Moon/achievements,https://www.trueachievements.com/a297649/you-spin-me-right-round-achievement,You Spin Me Right Round,Made the world go round,10 Dec 20,(10),17,1.75
https://www.trueachievements.com/game/Deliver-Us-The-Moon/achievements,https://www.trueachievements.com/a297636/the-first-of-many-courses-achievement,The First Of Many Courses,Collected a piece of scannable information,10 Dec 20,(5),5,1.0
https://www.trueachievements.com/game/Rocket-League/achievements,https://www.trueachievements.com/a212806/stocked-achievement,Stocked,Collect 200 Items,20 Jul 20,(75),103,1.37
https://www.trueachievements.com/game/Rocket-League/achievements,https://www.trueachievements.com/a212769/triplethreat-achievement,Triple-Threat,Win a 3v3 game,20 Jul 20,(10),10,1.05
https://www.trueachievements.com/game/Rocket-League/achievements,https://www.trueachievements.com/a212774/winner-achievement,Winner,Win a total of 5 games across any mode,19 Jul 20,(15),16,1.1
https://www.trueachievements.com/game/Rocket-League/achievements,https://www.trueachievements.com/a212788/speed-demon-achievement,Speed Demon,Completely fill and then empty your Rocket Boost 10 times in a single match,19 Jul 20,(20),24,1.2
https://www.trueachievements.com/game/Rocket-League/achievements,https://www.trueachievements.com/a212770/all-fours-achievement,All Fours,Win a 4v4 game,18 Jul 20,(10),12,1.24
https://www.trueachievements.com/game/Rocket-League/achievements,https://www.trueachievements.com/a236248/good-times-achievement,Good Times,Head to Champions Field and complete an Online game,18 Jul 20,(25),31,1.24
https://www.trueachievements.com/game/Rocket-League/achievements,https://www.trueachievements.com/a212784/minute-to-win-it-achievement,Minute to Win It,"With only 60 seconds left, Win a game in which you were tied or trailing",18 Jul 20,(20),22,1.13
https://www.trueachievements.com/game/Rocket-League/achievements,https://www.trueachievements.com/a212780/wallcrawler-achievement,Wall-Crawler,Drive on the dome walls for a total of 5 minutes,18 Jul 20,(15),16,1.11
https://www.trueachievements.com/game/Rocket-League/achievements,https://www.trueachievements.com/a212781/turbocharger-achievement,Turbocharger,Use your Rocket Boost for a total of 5 minutes,18 Jul 20,(15),16,1.11
https://www.trueachievements.com/game/Rocket-League/achievements,https://www.trueachievements.com/a212792/barras-bravas-achievement,Barras Bravas,Play an Online game with a Friend,18 Jul 20,(20),23,1.17
https://www.trueachievements.com/game/Rocket-League/achievements,https://www.trueachievements.com/a212790/drops-in-the-bucket-achievement,Drops in the Bucket,Collect 50 Items,18 Jul 20,(20),24,1.22
https://www.trueachievements.com/game/Rocket-League/achievements,https://www.trueachievements.com/a212768/double-up-achievement,Double Up,Win a 2v2 game,11 Jun 20,(10),11,1.16
https://www.trueachievements.com/game/TrueAchievements/achievements,https://www.trueachievements.com/a193745/advanced-recon-achievement,Advanced Recon,I viewed 100 different achievement solutions,31 May 20,(0),0,2.43
https://www.trueachievements.com/game/Call-of-Duty-Black-Ops-III/achievements,https://www.trueachievements.com/a235689/the-eagle-has-landers-achievement,The Eagle has Landers,"In Ascension, escape on all three lunar landers.",11 Nov 19,(15),25,1.71
https://www.trueachievements.com/game/Rocket-League/achievements,https://www.trueachievements.com/a212783/grease-monkey-achievement,Grease Monkey,"Customize the Skin, Wheel, Boost, Antenna and Hat slot on a single Battle-Car",08 Sep 19,(20),23,1.19
https://www.trueachievements.com/game/Rocket-League/achievements,https://www.trueachievements.com/a212763/firsttimer-achievement,First-Timer,Score your first Goal,08 Sep 19,(10),10,1.01
https://www.trueachievements.com/game/Rocket-League/achievements,https://www.trueachievements.com/a212804/battlecar-collector-achievement,Battle-Car Collector,Unlock all Battle-Cars,08 Sep 19,(50),60,1.2
https://www.trueachievements.com/game/Rocket-League/achievements,https://www.trueachievements.com/a212771/pickme-up-achievement,Pick-Me Up,Collect 5 Garage Items,08 Sep 19,(10),10,1.06
https://www.trueachievements.com/game/Rocket-League/achievements,https://www.trueachievements.com/a212766/tinkerer-achievement,Tinkerer,Customize one slot on a single Battle-Car,08 Sep 19,(10),10,1.04
https://www.trueachievements.com/game/Call-of-Duty-Black-Ops-III/achievements,https://www.trueachievements.com/a209629/welcome-to-the-club-achievement,Welcome to the Club,Reach Sergeant (Level 10) in Multiplayer while playing online.,29 Jul 19,(20),22,1.14
https://www.trueachievements.com/game/Call-of-Duty-Black-Ops-III/achievements,https://www.trueachievements.com/a209632/deadly-specialist-achievement,Deadly Specialist,Get a Specialist-based medal that requires 3 or more rapid kills while using any Specialist Weapon.,13 Jul 19,(20),23,1.19
https://www.trueachievements.com/game/TrueAchievements/achievements,https://www.trueachievements.com/a193730/home-away-from-home-achievement,Home Away From Home,You used the TrueAchievements app on 10 different days,23 Jan 18,(0),0,1.64
https://www.trueachievements.com/game/TrueAchievements/achievements,https://www.trueachievements.com/a193736/starman-achievement,Starman,I rated 25 different games,16 Jan 17,(0),0,1.45
https://www.trueachievements.com/game/TrueAchievements/achievements,https://www.trueachievements.com/a193732/basic-recon-achievement,Basic Recon,You viewed an achievement or challenge solution,15 Feb 15,(0),0,1.12
